user_id,favourite_fruit
82740,orange
43582,banana
64778,apple
80167,orange
23941,peach
47043,orange
61565,orange
57105,orange
101817,orange
55927,orange
71726,orange
104933,orange
35444,banana
41475,banana
109033,orange
107916,orange
107591,orange
57216,orange
109210,orange
49158,orange
43751,banana
117971,orange
106067,orange
22302,peach
105977,orange
58377,orange
58477,orange
107837,apple
42569,peach
89583,orange
103471,orange
108829,orange
85085,orange
106828,orange
64149,orange
78840,orange
77025,banana
116862,orange
76539,orange
62111,banana
99017,orange
45145,orange
63703,orange
9830,banana
104695,banana
64787,orange
121396,orange
73055,orange
105312,banana
61751,banana
59493,orange
57027,banana
82939,orange
17227,apple
59675,banana
11474,banana
95226,orange
42680,banana
105820,orange
23975,orange
101153,orange
110176,orange
50579,orange
73026,orange
91943,orange
43111,apple
107395,orange
108403,orange
97242,orange
46233,orange
114946,orange
45901,orange
96758,orange
116725,orange
84914,banana
5622,banana
49628,orange
118897,orange
66521,orange
74749,orange
69672,banana
65071,orange
117865,orange
85231,orange
80538,orange
114510,orange
114246,orange
50336,orange
78105,orange
98736,orange
62862,banana
119349,orange
73179,orange
54549,orange
98672,orange
100616,orange
107187,orange
42278,banana
115372,orange
105662,orange
116507,orange
116112,orange
114008,orange
20773,banana
51617,orange
116870,orange
61926,orange
84193,orange
27087,banana
57554,banana
82631,orange
7747,banana
48375,orange
34212,banana
117347,orange
55253,orange
60805,orange
109607,orange
71039,banana
57522,orange
8144,banana
84352,orange
37995,banana
53485,banana
120209,orange
73485,orange
29222,banana
28982,banana
58529,orange
99193,orange
92034,orange
61827,orange
58492,orange
114775,orange
116196,orange
13181,banana
97371,orange
105991,orange
75297,apple
119517,orange
46752,banana
46935,banana
60117,orange
83226,orange
122962,orange
68658,orange
109150,orange
15550,peach
79617,orange
66163,orange
51327,banana
114490,orange
58843,orange
107231,orange
30518,banana
57494,banana
30776,peach
83823,orange
14867,apple
62289,banana
101776,peach
75271,orange
50689,orange
57744,orange
66016,orange
106793,orange
97620,orange
12407,banana
118784,orange
62437,orange
61412,banana
110249,orange
51328,orange
37456,orange
121214,orange
61583,orange
117930,orange
11698,peach
61331,orange
42890,banana
58906,orange
64257,orange
74184,orange
17094,banana
81390,orange
69671,orange
68256,apple
82940,orange
77549,orange
72510,orange
121174,orange
18817,banana
77933,orange
60083,orange
56662,orange
117503,orange
117513,orange
115448,orange
106373,orange
75679,orange
72170,orange
104616,orange
80920,orange
4815,peach
48250,orange
52510,orange
97964,apple
65277,apple
86338,banana
79730,orange
106970,orange
58028,orange
116759,apple
76272,orange
109532,orange
58344,orange
63872,orange
120784,orange
15876,banana
42990,orange
59296,orange
95448,orange
59411,banana
104147,banana
44597,orange
76507,orange
113767,banana
40800,orange
122432,orange
109704,apple
92039,orange
94583,orange
45208,banana
99019,orange
120300,orange
70713,orange
55976,orange
74631,orange
19828,banana
48249,orange
107914,orange
35345,banana
65534,orange
61724,orange
53910,orange
116903,orange
114974,orange
63836,banana
58940,orange
98854,orange
49148,banana
59807,banana
114579,orange
93356,orange
65757,banana
118945,orange
108395,orange
101071,orange
28120,peach
71752,orange
51249,orange
62731,orange
102266,orange
18678,banana
116045,orange
116894,orange
32507,banana
58195,orange
32807,banana
52530,banana
94852,orange
120829,orange
99777,banana
119985,orange
94554,orange
57243,orange
57537,orange
36250,banana
117775,orange
68847,orange
105580,orange
116291,orange
109611,orange
83434,orange
104598,orange
58000,orange
61965,orange
58785,orange
52921,orange
14469,banana
118271,orange
120440,orange
17947,apple
40876,banana
119455,orange
81707,orange
103063,orange
108501,orange
11524,banana
55550,peach
116383,orange
77214,orange
51535,orange
56973,orange
61056,orange
80696,orange
97975,orange
56088,orange
54071,orange
95631,orange
53187,orange
62117,banana
121310,orange
70914,orange
57548,orange
85263,orange
79621,orange
1105,banana
120703,orange
120342,orange
110523,orange
120604,orange
77762,orange
119291,orange
16752,banana
54268,orange
57724,orange
62100,banana
57158,orange
105679,orange
56423,orange
117029,orange
107048,orange
77354,orange
62511,orange
58536,orange
49365,banana
19518,banana
58594,orange
120797,orange
109994,orange
119221,orange
107306,orange
96514,orange
109685,orange
117001,orange
36846,apple
40327,banana
58454,orange
81330,orange
80261,orange
120485,orange
80533,orange
82054,banana
103925,orange
102979,orange
77968,orange
77030,apple
83284,orange
79193,orange
58845,orange
18756,apple
61158,orange
56420,apple
70352,orange
116797,orange
50046,peach
78714,orange
50946,orange
72932,orange
88960,orange
62250,orange
107890,orange
106915,banana
116596,orange
116300,orange
114487,orange
61036,orange
115665,orange
63574,orange
7197,peach
69843,orange
119448,orange
55310,orange
45909,banana
84444,orange
59311,orange
67368,orange
72848,orange
52326,orange
48418,orange
78702,orange
115291,orange
115216,orange
58220,orange
122358,orange
116002,orange
49825,orange
84165,orange
57916,banana
93017,orange
73101,orange
71588,orange
70507,orange
59615,orange
57432,orange
107252,orange
62107,banana
83545,orange
118027,orange
33736,orange
49088,orange
46216,banana
121041,orange
30005,peach
113466,orange
109042,orange
58263,orange
117360,orange
106338,orange
115270,orange
116315,orange
46600,orange
78394,orange
106231,orange
62079,orange
23083,peach
64595,orange
79535,apple
121301,orange
16216,banana
65168,apple
65060,apple
86642,orange
122920,orange
17740,banana
105499,orange
52305,orange
107019,orange
44226,orange
43729,banana
55105,orange
62756,orange
58633,orange
59084,banana
92846,orange
102377,orange
122054,orange
99542,orange
56398,orange
122774,orange
115529,orange
53880,orange
61356,orange
75084,apple
50354,orange
60623,orange
87695,orange
97963,orange
116674,orange
120301,orange
73306,orange
18419,banana
122109,apple
52576,orange
70614,orange
65678,orange
116248,orange
117268,orange
33002,banana
58896,orange
94776,orange
98632,orange
71214,apple
120394,orange
110015,orange
66755,orange
107086,orange
71023,orange
118581,orange
80002,orange
63126,orange
114727,orange
116321,orange
105495,orange
58445,orange
72545,orange
10246,peach
119054,orange
80916,orange
114663,orange
83666,banana
73280,orange
56696,orange
118596,orange
108456,orange
109127,orange
50646,orange
100655,orange
116149,orange
107002,orange
105158,orange
104985,orange
41415,banana
76330,orange
63837,orange
120693,orange
120807,orange
43519,orange
121006,orange
57376,orange
56972,orange
44378,banana
105416,orange
74722,orange
117276,orange
105285,orange
66472,orange
114055,orange
62030,orange
120699,orange
64492,orange
74183,orange
77904,orange
86623,orange
31850,banana
66282,orange
40337,orange
105151,orange
83467,orange
104803,orange
58076,orange
120320,orange
118938,orange
117848,orange
80811,orange
62037,banana
106535,orange
71234,orange
8303,orange
84019,orange
50717,orange
50880,orange
118509,orange
82326,orange
82422,orange
89615,orange
82818,orange
87810,orange
105481,orange
60836,orange
109899,orange
96862,orange
115641,orange
78224,orange
54427,banana
94684,orange
102742,orange
88169,orange
82005,orange
47430,peach
118426,orange
88093,orange
107139,orange
107584,orange
108571,orange
61168,orange
118051,orange
74569,orange
115796,orange
50263,banana
8500,apple
55016,orange
54516,banana
38673,banana
118473,orange
118681,apple
107615,orange
106752,orange
51108,orange
85636,orange
97288,orange
40153,apple
62445,banana
110087,orange
72777,orange
89357,orange
29231,banana
108981,orange
108982,orange
85733,banana
49785,orange
81753,orange
71882,orange
51353,orange
118334,orange
121779,orange
59061,orange
56029,orange
96507,orange
117341,orange
104444,orange
8891,banana
55155,banana
83485,banana
5218,orange
107839,orange
52350,orange
114536,orange
51053,orange
117210,orange
61272,banana
60662,peach
102167,orange
102003,orange
81227,orange
80321,orange
121414,orange
83085,banana
92485,orange
23965,banana
107823,orange
56229,orange
73555,orange
100915,orange
113879,orange
44382,apple
101703,orange
114130,orange
109461,orange
119720,orange
82130,orange
57478,orange
101605,orange
106315,orange
59034,orange
59220,orange
110224,orange
121329,orange
121271,orange
121064,orange
119186,orange
81710,orange
70861,orange
103292,orange
107128,orange
117583,orange
72255,orange
67724,orange
73336,orange
46802,orange
115743,orange
119944,orange
42053,banana
50945,orange
72330,orange
57626,orange
107363,orange
118204,orange
76068,orange
67827,orange
49607,peach
63739,orange
51757,orange
60025,orange
50212,orange
50980,orange
58064,orange
76460,orange
94662,orange
98781,orange
74703,orange
60487,orange
59494,orange
50656,orange
117820,orange
116365,orange
84418,orange
88547,orange
64438,orange
121179,orange
47886,banana
122317,orange
109259,orange
116330,apple
28973,banana
60390,orange
84454,banana
54497,banana
38941,banana
120452,orange
50908,orange
70832,orange
73463,orange
50795,orange
59489,orange
107161,orange
108402,orange
56416,orange
49706,orange
78768,orange
77484,orange
84335,orange
59403,orange
36802,banana
81168,orange
82234,orange
102836,orange
57381,orange
71108,orange
72166,orange
115860,orange
109555,orange
109519,orange
67935,orange
58576,orange
43196,banana
94816,orange
108973,orange
3987,apple
62451,banana
71610,orange
67345,orange
74132,orange
77791,orange
107562,orange
100106,orange
117450,orange
48127,orange
50887,apple
120883,orange
107099,orange
107207,orange
106364,orange
71911,orange
72241,apple
117168,orange
123128,orange
62660,orange
58502,orange
81417,orange
118306,orange
119046,orange
122037,orange
109044,orange
57563,orange
109135,orange
27233,banana
76813,orange
106001,orange
50917,orange
122168,orange
108299,orange
84587,orange
61928,orange
116753,orange
88427,orange
89258,orange
54495,orange
107989,orange
99924,orange
16031,banana
106903,orange
78498,orange
98000,orange
39369,apple
84038,orange
94803,orange
110100,orange
93229,orange
72661,orange
118619,orange
63255,orange
78480,apple
79170,orange
122564,orange
50378,orange
89685,orange
116350,orange
49953,orange
122233,orange
46917,apple
115969,orange
116694,orange
49153,orange
57036,orange
55374,orange
55410,orange
58973,orange
63463,apple
119812,orange
72996,orange
101435,orange
68444,orange
116341,orange
109726,orange
107008,orange
105869,orange
116851,orange
120695,orange
107191,orange
106662,orange
115360,orange
71398,orange
72178,orange
67449,orange
96701,orange
105106,orange
40707,peach
42382,banana
57388,orange
57028,orange
48620,orange
107224,orange
64923,banana
56164,orange
71907,orange
116498,orange
115001,orange
85250,orange
60884,orange
104592,orange
105545,apple
85459,orange
60706,orange
119892,orange
70504,orange
109969,orange
75724,orange
57735,orange
13118,banana
118212,orange
43953,banana
116785,orange
116910,orange
45033,banana
64484,orange
108236,orange
87344,orange
115149,orange
116186,orange
116245,orange
77166,orange
61845,orange
104612,orange
103270,orange
98479,orange
81060,orange
118758,orange
82253,orange
46464,apple
81804,apple
85131,orange
117488,orange
71486,orange
83440,orange
44184,orange
61516,orange
109630,orange
76466,orange
5966,orange
119804,orange
121614,orange
82249,orange
122036,orange
108170,orange
84609,orange
82639,orange
107789,orange
107344,orange
108574,orange
65916,orange
60308,orange
116592,orange
117103,orange
83414,orange
50299,orange
116756,orange
50861,orange
80664,orange
102786,orange
56720,orange
107986,orange
46630,orange
76908,orange
86314,orange
114393,orange
115935,orange
44170,banana
110074,orange
73161,orange
122059,orange
57151,orange
48677,orange
108246,orange
70348,orange
120334,orange
90908,orange
118750,orange
57183,orange
35556,banana
71693,orange
114389,orange
50282,orange
73286,orange
54501,orange
86530,orange
117591,orange
106012,orange
64381,orange
120746,orange
98849,orange
75436,orange
109078,orange
60321,orange
71869,orange
105710,orange
106074,orange
122435,orange
98590,orange
43374,orange
120530,orange
63901,orange
42940,orange
60114,orange
54595,orange
116892,orange
110113,orange
118272,orange
118416,orange
119711,orange
121730,orange
57156,orange
108966,orange
103385,orange
56494,orange
65507,orange
116296,orange
109758,orange
109861,orange
83531,orange
86036,orange
115629,orange
47377,orange
81357,orange
98463,orange
110279,orange
120580,orange
54719,orange
56864,orange
108406,orange
109683,orange
49629,orange
108725,orange
107936,orange
37481,orange
59979,orange
113756,orange
71560,orange
74647,orange
96664,orange
84507,orange
72417,orange
50850,orange
108914,orange
116448,orange
99226,orange
56402,orange
116369,orange
104886,orange
116010,orange
53359,orange
53310,orange
84344,orange
120019,orange
61290,banana
73323,orange
115708,orange
117083,orange
83441,orange
60567,orange
97474,orange
58424,orange
47194,orange
122136,orange
64919,orange
61604,orange
117978,orange
104702,orange
50373,orange
50238,orange
105347,orange
105092,orange
59013,orange
81402,orange
54948,orange
72927,orange
57295,orange
63095,orange
58386,orange
95007,orange
71091,orange
80070,orange
118488,orange
73027,apple
56753,orange
60140,orange
49075,orange
48043,banana
36674,banana
76560,apple
61193,orange
96637,orange
84376,orange
115818,orange
62487,orange
94802,orange
16835,banana
36988,peach
53834,orange
81701,apple
74133,banana
57769,orange
55472,orange
109268,orange
117878,orange
116184,orange
101921,orange
51130,orange
86113,orange
80426,orange
22080,apple
123267,orange
118103,orange
9437,banana
51456,orange
27045,orange
80554,orange
72318,orange
14579,banana
116783,orange
54539,banana
104086,orange
116835,orange
40263,banana
55429,banana
65574,orange
27178,orange
17165,banana
47010,banana
31310,banana
121438,orange
44399,banana
7597,orange
62136,orange
57179,orange
56287,orange
101883,orange
65827,orange
118001,orange
62911,orange
65528,orange
54943,peach
116717,orange
7708,apple
49390,orange
49602,orange
30461,banana
120853,orange
56904,orange
119223,orange
68048,orange
122065,orange
52619,orange
109066,orange
108270,orange
117596,orange
57460,orange
54863,orange
8237,banana
110210,orange
77335,orange
55198,banana
79526,orange
95921,orange
115590,orange
12087,banana
64901,orange
55294,apple
120985,orange
54256,orange
71473,orange
107135,orange
60167,orange
56482,orange
117443,orange
117761,orange
36372,banana
6813,peach
47577,orange
61952,banana
64181,orange
70225,orange
9301,banana
90471,orange
119024,orange
108753,orange
64136,apple
107948,orange
49386,orange
49796,orange
24876,peach
51926,banana
17907,banana
71078,orange
57412,orange
117138,orange
61282,orange
106191,orange
97121,orange
63350,banana
97905,orange
116853,orange
31919,peach
20774,banana
7270,banana
54693,orange
103196,orange
107212,orange
49693,orange
79156,orange
118413,orange
36748,peach
79673,orange
118039,orange
118075,orange
53736,orange
66900,orange
96596,orange
61929,apple
109578,orange
66624,orange
62831,orange
30944,banana
27121,banana
49598,orange
50284,orange
51992,banana
36578,orange
117386,orange
117563,orange
54819,banana
40585,orange
76000,orange
97238,orange
116058,orange
55728,orange
36605,peach
94702,orange
54818,banana
16385,banana
59174,orange
63905,apple
45752,orange
121693,orange
71022,orange
56151,banana
62247,apple
69046,orange
75584,orange
71757,orange
43854,orange
58400,orange
98348,orange
75877,orange
73631,orange
120104,orange
92076,banana
64410,banana
103515,orange
62122,orange
103199,orange
52010,orange
56652,orange
94495,banana
59456,orange
76950,orange
60541,orange
67106,apple
85346,orange
66927,orange
80211,apple
94602,orange
94634,orange
59701,orange
107337,orange
82916,orange
101354,orange
60354,orange
56257,orange
114312,orange
44666,banana
109577,orange
43846,orange
54731,orange
118771,orange
103667,orange
12867,banana
96945,banana
78670,orange
117673,orange
63752,orange
105604,orange
116517,orange
108412,orange
53919,banana
118173,orange
62470,orange
58252,banana
7681,banana
57880,orange
82677,orange
72680,orange
54951,orange
4727,banana
50789,banana
102970,orange
122189,orange
54186,orange
73136,orange
30096,banana
62802,orange
14174,orange
55966,orange
72394,orange
51665,orange
66116,orange
60684,orange
97890,orange
42884,peach
49674,orange
83803,orange
58300,orange
120393,orange
121472,orange
116901,orange
121962,orange
82908,orange
60047,orange
56688,orange
115984,orange
96408,orange
79613,orange
52122,banana
62563,orange
58239,orange
69321,orange
14464,banana
25743,banana
44836,orange
40768,apple
13360,apple
122023,orange
19432,orange
3033,apple
117610,orange
116297,orange
53495,banana
114408,orange
105230,orange
115828,orange
49617,apple
53137,orange
8266,banana
44918,banana
3972,banana
88011,orange
119231,orange
121664,orange
59423,orange
56792,orange
108629,orange
117412,orange
115423,orange
68458,orange
83127,orange
85293,orange
116255,orange
78607,orange
115909,orange
44758,orange
38502,banana
95174,peach
120989,orange
89212,orange
54393,orange
48506,orange
95455,orange
113697,orange
4633,banana
9835,banana
98333,orange
34655,banana
101508,orange
74729,orange
67390,banana
122090,orange
74217,orange
9342,orange
108828,orange
48390,orange
65403,orange
115412,orange
60384,orange
7000,orange
117853,orange
55229,orange
83500,orange
51051,orange
94706,orange
45695,banana
51847,orange
32783,banana
122126,orange
107941,orange
116367,orange
87310,orange
117773,orange
85270,orange
81197,orange
121436,orange
96522,banana
73068,orange
73519,orange
47048,banana
108885,orange
76642,apple
109912,orange
84396,orange
64627,orange
110368,orange
30231,apple
119162,orange
73173,orange
80866,orange
77215,orange
50211,orange
114526,orange
118053,orange
122363,orange
73139,orange
94600,orange
52129,banana
52272,banana
19283,apple
42917,banana
67731,banana
71097,banana
69193,orange
107199,orange
105612,orange
116247,orange
58483,banana
33922,orange
122260,orange
62632,orange
44689,banana
47970,orange
74509,orange
41624,apple
73310,orange
30110,banana
75831,orange
44065,peach
108220,orange
102748,banana
122981,orange
40653,orange
102482,orange
100971,orange
50223,peach
45916,banana
3293,peach
9402,orange
26884,banana
74684,orange
95242,orange
57539,banana
67900,orange
27220,banana
63011,orange
50310,orange
115606,orange
98380,orange
94985,orange
90506,orange
118988,orange
88987,orange
82155,orange
52114,orange
99781,orange
55525,orange
116368,orange
37155,banana
116285,orange
107000,orange
64904,banana
97042,orange
62836,orange
97331,orange
43856,orange
58587,orange
120499,orange
72589,orange
121285,orange
73405,orange
68325,orange
48975,orange
52466,orange
63150,orange
107523,orange
84102,orange
38353,orange
62106,orange
120742,orange
60732,banana
120537,orange
50891,orange
110150,orange
82347,orange
89480,orange
50773,orange
62128,orange
95189,orange
74006,orange
98314,orange
117426,orange
51961,orange
44306,orange
122244,orange
96334,orange
98326,orange
116800,orange
61906,orange
109471,orange
14557,banana
38938,banana
120800,orange
118422,orange
82401,orange
75063,orange
75350,orange
118744,orange
73913,orange
99171,orange
54146,orange
57461,apple
102288,orange
122590,orange
117872,orange
12773,banana
77107,orange
116765,orange
75021,apple
33331,banana
64596,peach
75029,orange
26924,banana
29748,banana
107165,orange
8593,apple
46469,banana
58084,orange
105930,orange
25102,banana
37434,banana
41958,banana
43368,orange
120488,orange
64900,orange
74572,orange
47803,banana
72485,orange
72339,orange
82001,orange
52299,orange
90455,orange
90482,orange
59309,orange
52617,orange
79906,orange
64971,orange
38919,banana
75882,orange
60795,orange
43164,orange
97648,orange
56076,orange
76415,orange
58098,orange
120470,apple
67388,banana
119561,orange
119671,orange
72636,orange
54288,orange
47040,orange
41689,banana
46481,orange
50784,banana
83015,orange
75320,orange
114379,orange
78976,orange
96783,orange
47833,banana
107203,orange
55515,banana
117743,orange
105439,orange
50597,orange
58543,orange
64631,orange
38272,peach
29775,banana
94964,orange
64818,apple
95301,orange
116373,orange
79427,orange
78839,orange
115199,orange
15311,banana
83443,orange
97195,orange
54289,banana
47389,banana
109947,orange
119681,orange
67039,orange
92072,orange
121695,orange
39557,banana
57599,orange
107164,orange
52124,orange
86572,orange
50469,orange
117251,orange
61165,orange
74028,apple
86221,orange
104434,orange
45225,banana
120877,orange
64908,orange
69140,orange
48727,orange
101850,orange
117018,orange
123025,orange
105195,orange
49104,orange
74975,orange
121073,orange
79629,orange
68657,banana
102847,orange
59780,orange
108153,orange
86432,orange
48206,peach
107636,orange
48148,orange
97710,orange
42266,banana
53146,orange
55413,orange
96623,orange
104482,orange
104515,orange
98402,orange
9912,orange
21720,banana
72496,orange
11648,orange
108302,orange
87932,orange
122356,orange
68168,orange
78217,orange
36300,banana
118293,orange
81009,orange
41823,banana
80635,orange
75484,orange
57263,banana
29903,banana
65028,orange
55956,orange
100961,orange
12292,banana
106284,orange
23666,banana
110207,orange
71586,apple
80508,orange
103632,apple
58657,orange
118753,orange
59369,orange
59483,orange
102598,orange
45492,orange
106548,orange
74465,orange
98212,orange
58301,orange
45935,orange
57254,orange
108919,orange
85126,orange
106448,orange
55886,orange
5764,peach
78427,orange
115991,orange
11949,peach
57493,orange
67053,orange
76482,banana
64329,orange
57385,orange
9167,banana
116585,orange
106963,orange
105087,orange
109410,orange
95702,orange
70294,orange
121386,orange
93211,orange
54790,orange
108756,orange
77768,orange
46032,banana
104604,orange
89553,orange
59428,orange
57139,orange
107887,orange
107170,orange
44467,banana
106976,orange
116022,orange
116813,orange
53025,orange
28082,banana
54171,orange
107793,orange
49769,orange
28902,peach
117860,orange
77297,orange
10228,banana
72100,orange
49847,orange
56432,banana
83727,orange
89190,orange
80529,orange
102876,orange
59367,orange
55238,orange
56247,orange
109818,orange
122219,orange
61045,orange
104614,orange
5583,peach
104346,orange
45960,banana
33069,banana
121071,orange
6008,peach
102989,orange
57470,orange
109245,orange
71086,orange
114729,orange
117243,orange
118180,orange
122264,orange
116670,orange
78157,orange
58558,orange
68637,orange
53079,apple
50896,orange
119263,apple
88869,orange
118732,orange
14778,banana
104110,orange
100051,orange
72090,orange
96291,orange
116681,orange
78152,orange
52740,orange
56702,banana
81605,banana
121952,orange
44709,orange
71387,orange
123095,orange
116952,orange
56932,orange
110076,orange
106456,orange
44797,orange
107762,orange
108512,orange
115542,orange
60389,orange
68304,orange
63355,apple
115990,orange
102946,orange
115217,orange
83135,orange
71082,orange
116590,orange
76549,orange
116178,orange
116242,orange
107076,orange
83426,orange
109609,orange
53321,banana
64275,orange
110157,orange
118480,orange
49303,orange
42918,orange
38818,apple
115362,orange
122602,orange
61752,banana
34353,banana
37905,banana
64113,orange
66232,peach
50708,orange
72176,orange
75884,orange
54996,orange
62396,orange
53014,orange
63610,orange
102462,orange
109179,orange
104508,orange
63481,orange
119990,orange
89363,orange
60924,orange
76542,orange
51106,banana
71614,orange
82125,apple
76341,orange
98398,orange
64471,orange
121887,orange
115431,orange
59322,banana
77427,orange
11557,banana
6496,orange
117040,orange
105687,orange
77855,orange
59852,orange
117133,orange
71680,orange
122230,orange
116673,orange
55737,orange
22483,banana
64186,orange
102660,orange
84775,orange
101501,orange
65079,orange
105743,orange
115040,orange
75894,orange
116827,orange
53762,banana
58210,orange
118417,orange
87744,orange
97624,orange
67967,orange
76123,orange
78999,orange
105338,orange
53239,orange
95077,orange
121334,orange
54883,orange
121915,orange
11466,banana
117515,orange
115433,orange
114831,orange
50877,orange
81999,orange
56790,orange
2847,banana
67955,orange
114375,orange
95808,orange
58178,orange
53197,orange
62019,orange
49509,orange
74895,apple
119676,orange
119386,orange
106839,orange
88683,orange
80775,orange
46500,apple
57259,orange
84579,orange
99664,orange
65572,orange
87291,orange
117833,orange
50447,orange
64348,orange
58663,orange
60524,orange
57612,orange
122744,orange
117442,orange
117852,orange
117099,orange
96635,orange
66902,orange
80394,orange
93414,orange
118768,orange
62027,orange
61601,orange
106565,orange
15529,peach
122547,orange
117710,orange
44585,orange
114751,orange
116342,orange
63021,orange
122271,orange
114056,orange
83836,orange
36617,peach
121046,orange
118609,orange
74390,orange
108656,orange
56403,orange
108319,orange
59904,orange
117128,orange
122330,orange
109390,orange
58405,orange
110300,orange
89104,orange
44372,banana
81987,orange
56060,orange
68767,orange
109124,orange
55623,orange
119669,orange
84616,orange
118604,orange
103091,orange
86493,orange
108108,orange
98133,orange
95165,orange
103606,orange
103662,orange
14451,banana
106800,orange
72122,orange
60509,orange
114353,orange
116780,orange
56119,orange
59262,orange
119999,orange
115076,orange
116334,orange
121734,orange
78082,orange
79135,orange
40550,orange
116757,orange
95772,orange
109963,orange
118270,orange
119751,orange
60786,orange
122405,orange
97017,orange
76218,orange
9023,banana
119252,orange
118866,orange
49800,orange
35497,peach
60767,orange
66161,orange
122272,orange
122298,orange
61587,orange
110325,orange
122068,orange
71494,orange
49926,orange
44343,orange
73142,orange
62168,apple
53924,orange
79299,orange
115260,orange
114591,orange
61951,orange
76469,orange
58401,orange
49046,orange
73950,orange
84994,apple
83504,orange
85604,orange
56047,orange
58409,orange
84268,orange
44780,orange
108422,orange
56397,orange
122624,orange
44017,orange
50641,orange
117160,orange
109570,orange
57110,orange
107038,orange
66349,orange
67191,orange
61,orange
101397,orange
72043,orange
109541,orange
120256,orange
118608,orange
82078,orange
84814,orange
55519,orange
60353,orange
118056,orange
71608,orange
120722,orange
121450,orange
46999,orange
48268,orange
122475,orange
60765,orange
76879,orange
118194,orange
102188,orange
33770,banana
49633,orange
12245,banana
41431,banana
48781,orange
63624,orange
28406,banana
59820,orange
65296,peach
67765,banana
118549,orange
54170,orange
122762,orange
35255,banana
122378,orange
75601,apple
25083,banana
83925,orange
39082,orange
104300,orange
57575,orange
74977,orange
67051,orange
77692,apple
80619,orange
113440,apple
73867,orange
57353,banana
10925,banana
104275,orange
106343,orange
118011,orange
77218,orange
115893,orange
59002,orange
57363,banana
64316,orange
53341,orange
64521,orange
36862,orange
79395,orange
56579,banana
104078,orange
104142,orange
108637,orange
37159,banana
115530,orange
59671,orange
107037,orange
21074,banana
123080,orange
122295,orange
114386,orange
54728,orange
76386,orange
14380,banana
65035,banana
17530,apple
50905,peach
49973,orange
49256,orange
50849,orange
59770,banana
76667,peach
59407,banana
39283,orange
59738,banana
100053,orange
74431,peach
7340,peach
57193,orange
60993,orange
108043,orange
46499,orange
58545,banana
49556,orange
70652,orange
51504,orange
54237,banana
65052,orange
117502,orange
63209,banana
117716,orange
73404,orange
106173,orange
102314,orange
43730,peach
33880,banana
98145,orange
24279,banana
26767,banana
69925,orange
110247,orange
67059,orange
54297,orange
28733,banana
13495,orange
50825,orange
74136,orange
8171,banana
82938,orange
73203,orange
116193,orange
61598,orange
75704,orange
104636,orange
46968,orange
105833,orange
76834,orange
101971,orange
53089,orange
94661,orange
98848,orange
120332,orange
103306,orange
71922,orange
51360,orange
43418,banana
115690,orange
109307,orange
49588,orange
24494,banana
24870,banana
54892,banana
46386,banana
109960,orange
118319,orange
75107,orange
65967,orange
49424,banana
30406,banana
114137,orange
49865,orange
54137,orange
22480,apple
57098,orange
121379,orange
88497,orange
51529,banana
57117,orange
73844,banana
56712,orange
75733,orange
71466,orange
77028,apple
13987,banana
114903,orange
56884,orange
52333,banana
39467,orange
94681,orange
50144,orange
101709,orange
103954,apple
24768,banana
42099,banana
72687,peach
64496,orange
91248,orange
89324,orange
54638,orange
56393,orange
86773,orange
105636,orange
83387,orange
16134,banana
123214,orange
106922,orange
58140,orange
57859,orange
66853,banana
66526,orange
20922,banana
64868,orange
80430,orange
67633,orange
73960,orange
63217,orange
118607,orange
34803,banana
20763,peach
103142,orange
29403,banana
60109,orange
27143,banana
116510,orange
50868,orange
77175,orange
106263,orange
95606,orange
62746,apple
48983,orange
120429,orange
66995,orange
72483,orange
64554,banana
72107,peach
108086,orange
77734,banana
100953,banana
41561,banana
60135,orange
61231,orange
104649,orange
62693,apple
79096,orange
59827,orange
59167,orange
53345,orange
70187,orange
49179,orange
7639,peach
48763,orange
45022,banana
83369,banana
17382,banana
118947,orange
79429,orange
56529,peach
58496,orange
72001,orange
85884,orange
104789,orange
116703,orange
32114,orange
63540,orange
56288,banana
89872,orange
22151,banana
118782,orange
118764,orange
5360,apple
108555,orange
48309,banana
40742,apple
78041,orange
65606,orange
117357,orange
50684,orange
44405,banana
55869,orange
72004,orange
51062,orange
114478,orange
72147,orange
78158,orange
47585,apple
25917,orange
40106,apple
50652,orange
120648,orange
110303,orange
70712,orange
121273,orange
121824,orange
102971,peach
65784,orange
60223,orange
87686,orange
117705,orange
71859,orange
77776,orange
51107,orange
46341,banana
21035,orange
97216,orange
105155,orange
116838,orange
58508,orange
33142,banana
121039,orange
119154,orange
3264,banana
30138,banana
54037,orange
96793,orange
56568,orange
84897,orange
106686,orange
86369,orange
122724,orange
71383,orange
3081,banana
71880,orange
116537,orange
105441,orange
61466,orange
116777,orange
55635,banana
49573,peach
64646,apple
116470,orange
81173,orange
80705,orange
80119,orange
59491,orange
20810,banana
56489,orange
117589,orange
118137,orange
50280,banana
49868,orange
63798,orange
73688,orange
95697,orange
78313,apple
82322,orange
29869,banana
43071,banana
42591,orange
54013,orange
57334,banana
108927,orange
106593,orange
23350,apple
108411,orange
18286,banana
117401,orange
68519,orange
22692,peach
8712,banana
78858,orange
77683,peach
56223,orange
106061,orange
105207,orange
6877,banana
38157,banana
30639,apple
120179,orange
119179,orange
118692,orange
108731,orange
117576,orange
49991,orange
79224,orange
117909,orange
50455,orange
71795,apple
24106,banana
107060,orange
55738,orange
40224,orange
73327,orange
56501,orange
95528,orange
25999,banana
42087,banana
56979,orange
52150,orange
108579,orange
48246,banana
87639,orange
116636,orange
39939,orange
114932,orange
22878,banana
84520,orange
34673,banana
76406,orange
59085,banana
50636,banana
31291,banana
79309,orange
64459,orange
72560,orange
118594,orange
45865,peach
20967,peach
19028,orange
79215,orange
116408,orange
116535,orange
116295,orange
113926,orange
43757,orange
117184,orange
76297,orange
9326,orange
58384,orange
58844,orange
74750,peach
16319,banana
120791,orange
43238,banana
48766,orange
65189,orange
82846,orange
36813,banana
95522,orange
59443,orange
63251,orange
107924,orange
58115,orange
101119,orange
16261,banana
115489,orange
72101,orange
114725,orange
19725,apple
58972,orange
119919,orange
120623,orange
42790,banana
119006,orange
78300,orange
65300,orange
102563,orange
45262,apple
47426,banana
122687,orange
60802,orange
51706,orange
71780,orange
61789,banana
61807,orange
104991,orange
51712,orange
33414,banana
32986,banana
73176,orange
40156,banana
56878,orange
75009,orange
50596,orange
77520,orange
73855,orange
35831,apple
63741,banana
72427,orange
33256,banana
78073,orange
107761,orange
100795,orange
71861,orange
72194,orange
102094,orange
52665,banana
58550,banana
49504,orange
56723,orange
59628,orange
119846,orange
67366,orange
73580,orange
57041,apple
107583,orange
50030,orange
47990,orange
116363,orange
57560,orange
42631,peach
57940,orange
81806,orange
74940,orange
54585,orange
54404,orange
108703,orange
100687,orange
50207,orange
54279,orange
117191,orange
102101,orange
58910,orange
55596,orange
58268,orange
15751,banana
50954,peach
82053,orange
63152,orange
59810,orange
54962,orange
51007,banana
62607,orange
108166,orange
77793,orange
77796,orange
106778,orange
51004,orange
76885,orange
122309,orange
115879,orange
63780,orange
43589,orange
72501,orange
93866,orange
121258,orange
57250,apple
65365,orange
107706,orange
72012,orange
67739,orange
77036,orange
60846,orange
78306,orange
12694,banana
43080,banana
49506,orange
70625,orange
110489,orange
119033,orange
89205,orange
108627,apple
44015,orange
51362,orange
62514,orange
68233,orange
58463,orange
58832,orange
65929,banana
98700,orange
108681,orange
56928,orange
78758,orange
68359,orange
79293,orange
56213,orange
74075,orange
52959,orange
30770,peach
36974,banana
50860,orange
58021,banana
8559,apple
64486,orange
118085,orange
73862,orange
117493,orange
33767,banana
60379,orange
15960,banana
9675,orange
72014,orange
116147,orange
58393,orange
67708,orange
120299,orange
16607,banana
108948,orange
52169,orange
30876,banana
117628,orange
51448,banana
53527,orange
58922,orange
79563,orange
19846,banana
11092,banana
39451,banana
121042,orange
121124,orange
72699,orange
54266,orange
103415,orange
108752,orange
56664,orange
117378,orange
116494,orange
40047,banana
117208,orange
76777,orange
50576,orange
61314,orange
55120,orange
94951,orange
120391,orange
70682,orange
50950,orange
81612,orange
102362,orange
70938,orange
48160,orange
28094,orange
50626,orange
108253,orange
56183,orange
83442,orange
115697,orange
50058,orange
118274,orange
81567,orange
119153,orange
118870,orange
30515,banana
101238,orange
85091,orange
51932,orange
71147,orange
31090,banana
61791,peach
85210,orange
4179,orange
79056,orange
97079,orange
114698,orange
49533,orange
9042,banana
24948,banana
64144,banana
121679,orange
65250,orange
108191,orange
117350,orange
85227,orange
44241,orange
94809,apple
120737,orange
120755,orange
80318,orange
83683,orange
64548,orange
95208,orange
57204,orange
57003,orange
115373,orange
60952,orange
71210,orange
33832,banana
116453,orange
115747,orange
116712,orange
57854,orange
14878,orange
59312,peach
122179,orange
106900,orange
118171,orange
58079,orange
21499,peach
120253,orange
91302,orange
119066,orange
121805,orange
103431,orange
117542,orange
116472,orange
116240,orange
114420,orange
85407,orange
84428,peach
94599,orange
72362,orange
82325,orange
103604,orange
68647,orange
115393,orange
50061,banana
71229,orange
113716,orange
50146,orange
44110,banana
15150,banana
120714,orange
27150,banana
110255,orange
110546,orange
45007,apple
72933,orange
118783,orange
74249,orange
48215,banana
71943,orange
114638,orange
48239,orange
49957,orange
78569,orange
37806,orange
116773,orange
70669,orange
121059,orange
83301,orange
56687,orange
122855,orange
55831,orange
115813,orange
105157,orange
115926,orange
55717,orange
56604,orange
84343,orange
223,banana
99064,orange
88135,orange
89226,orange
87560,orange
14107,orange
54020,orange
118183,orange
105185,orange
120683,orange
49567,peach
46845,orange
108857,orange
117862,orange
85317,orange
6494,orange
105218,orange
115812,orange
49244,orange
49113,orange
94881,orange
41186,peach
120418,orange
119503,orange
103532,orange
73970,orange
4737,banana
115398,orange
44066,orange
67736,orange
60879,orange
22627,banana
66366,orange
83656,orange
58579,orange
7808,banana
120687,orange
120472,orange
82410,orange
82211,orange
107704,orange
116503,orange
106905,orange
115783,orange
99640,orange
117200,orange
86246,orange
114348,orange
116064,orange
49863,orange
58156,apple
40441,orange
50507,orange
29450,orange
120599,orange
73167,apple
73275,orange
107727,orange
29209,banana
65779,orange
59962,orange
116427,orange
109682,orange
20996,apple
97788,orange
71005,orange
41720,orange
109051,orange
108818,orange
83124,orange
51687,orange
105619,orange
41993,apple
114540,orange
96929,orange
52775,peach
95821,orange
120014,orange
109949,orange
49316,orange
91938,orange
121954,orange
59617,orange
102629,orange
71216,orange
117124,orange
78390,orange
54959,banana
82662,apple
75267,orange
57392,orange
78520,orange
98359,orange
7592,banana
53662,orange
66648,orange
80885,orange
88305,orange
91964,orange
56548,orange
55582,orange
87345,orange
63433,orange
74550,orange
120706,orange
58855,orange
80539,orange
59149,orange
30392,banana
75400,orange
54588,orange
38963,banana
56569,orange
75656,orange
106255,orange
54681,orange
18125,banana
80458,orange
119491,orange
7896,apple
103518,orange
109254,orange
100904,orange
105641,orange
116258,orange
114341,orange
102148,orange
94826,orange
117882,orange
119259,orange
102802,orange
92086,orange
117893,orange
117935,orange
116115,orange
62588,orange
26746,orange
91412,apple
46961,orange
57257,orange
117666,orange
77660,orange
117036,orange
106021,orange
61014,orange
83213,orange
98372,orange
15252,orange
110334,orange
119333,orange
48661,orange
57483,orange
108833,orange
66221,apple
116371,orange
55699,orange
104954,orange
45243,orange
74735,orange
62927,banana
56521,banana
79266,orange
80636,orange
59045,orange
83708,orange
75062,banana
87429,orange
117780,orange
117714,orange
116473,orange
66693,orange
57397,orange
65066,orange
106190,orange
78280,orange
56064,orange
120770,orange
64745,orange
107898,orange
107983,orange
108553,orange
60913,banana
109225,orange
45887,orange
78191,orange
120270,orange
91854,orange
88990,orange
54560,orange
48475,apple
122533,orange
77636,orange
72125,orange
117038,orange
96061,orange
61448,orange
58450,orange
98209,orange
45671,orange
109069,orange
56327,orange
115168,orange
113960,orange
117048,orange
115714,orange
76428,orange
54548,orange
70558,orange
121898,orange
75428,orange
106611,orange
60222,orange
79188,orange
115161,orange
96549,orange
98353,orange
110370,orange
119826,banana
15768,banana
108855,orange
63125,orange
116578,orange
61508,orange
58556,orange
57980,orange
110152,orange
118414,orange
50155,orange
118078,orange
84018,orange
119927,orange
120110,orange
120651,orange
74838,orange
90124,orange
46950,orange
108239,orange
48473,orange
59855,orange
56259,orange
60656,orange
116754,orange
117359,orange
71150,orange
105708,orange
109487,orange
52928,orange
120593,orange
80487,orange
59157,orange
119755,orange
89518,orange
51982,orange
114027,orange
38979,banana
77384,orange
120582,orange
80170,orange
64489,orange
118682,orange
86508,orange
114552,orange
71584,orange
75132,orange
118738,orange
16966,banana
83167,orange
107291,orange
107355,orange
106787,orange
95655,orange
114273,orange
94567,orange
120901,orange
120477,orange
46938,orange
56955,orange
122865,orange
117487,orange
117938,orange
79301,orange
84611,orange
96610,orange
96015,orange
76360,orange
43524,orange
75099,orange
118946,orange
108061,orange
84649,orange
106253,orange
63440,orange
102134,orange
120387,orange
118376,orange
121127,orange
74398,orange
102647,orange
60195,orange
115505,orange
122614,orange
83104,orange
105754,orange
105651,orange
117190,orange
40856,orange
117995,orange
96618,orange
73606,orange
121362,orange
118993,orange
104242,orange
115440,orange
72982,orange
109850,orange
114156,orange
120741,orange
56485,orange
115521,orange
118664,orange
54856,orange
108462,orange
117759,orange
117946,orange
67851,orange
120225,orange
118358,orange
82173,orange
108225,orange
107361,orange
79672,orange
123320,orange
106923,orange
114043,orange
78248,orange
63534,orange
26576,banana
49126,orange
33452,banana
22509,banana
16221,banana
87632,orange
54765,orange
68628,orange
69508,orange
57413,banana
115745,orange
15866,banana
81688,banana
60306,orange
21481,banana
33899,banana
30051,banana
33709,banana
99363,orange
95058,orange
110405,orange
57758,orange
72218,orange
108478,orange
83293,orange
78692,orange
101406,orange
84476,banana
85704,banana
115102,orange
56246,orange
109720,orange
117179,orange
61186,orange
42915,banana
71696,orange
21823,banana
45188,orange
70721,banana
62919,orange
116906,orange
7162,banana
19770,banana
120824,orange
120916,orange
120846,orange
120053,orange
59107,orange
82581,orange
49326,orange
67514,orange
67525,orange
60844,banana
28376,banana
115537,orange
45187,banana
37973,banana
52332,orange
109701,orange
71258,orange
106064,orange
62440,banana
45109,apple
97298,orange
103100,banana
76347,orange
40428,apple
58773,orange
45735,banana
98874,orange
44679,banana
80126,orange
103707,orange
66244,orange
108274,orange
56716,orange
77899,orange
21247,banana
78685,orange
79422,orange
85808,apple
76835,orange
83560,orange
71683,orange
97224,orange
63337,orange
104359,orange
77960,orange
103958,orange
40294,banana
57444,orange
9891,orange
59984,orange
27326,banana
114577,orange
15617,banana
50635,orange
63919,banana
18330,banana
47390,banana
58299,orange
120325,orange
119908,orange
11964,banana
118455,orange
108123,orange
59399,orange
92116,orange
99352,orange
57390,orange
107200,orange
14583,apple
49793,orange
56996,orange
67320,apple
98018,orange
2018,peach
58748,orange
61864,orange
11814,banana
110289,orange
110414,orange
33234,banana
71065,orange
117440,orange
116809,orange
115314,orange
109236,orange
116560,orange
56249,orange
107085,orange
116802,orange
72099,orange
40180,orange
45102,orange
27328,peach
65077,apple
100218,orange
113805,orange
6436,apple
75422,orange
74154,orange
73962,orange
49744,orange
68471,orange
122493,orange
97687,orange
62820,apple
114539,orange
115679,orange
116807,orange
109576,orange
20302,banana
98123,orange
16157,banana
70010,orange
59086,orange
80694,orange
55500,orange
107358,orange
63888,orange
87202,orange
116157,orange
77228,orange
16699,banana
122398,orange
115600,orange
18564,banana
24288,banana
98986,orange
50894,orange
58721,banana
19612,banana
88847,orange
104573,orange
19982,banana
121993,orange
65081,apple
63114,orange
24767,banana
117397,orange
58326,orange
100849,orange
104111,orange
109582,orange
49851,orange
11586,banana
79206,orange
118737,orange
73840,banana
54491,orange
121930,orange
109585,orange
69039,apple
62357,banana
7498,orange
99727,banana
74365,orange
57590,orange
84658,orange
48543,peach
27787,banana
30931,banana
50381,orange
97990,apple
15357,peach
22190,banana
77345,orange
117963,orange
27345,banana
119882,orange
54895,orange
69070,apple
118971,orange
64223,orange
51907,orange
116126,orange
5650,peach
61299,orange
106222,orange
105844,orange
94679,orange
53823,banana
73623,orange
73732,orange
116595,orange
109263,orange
49241,orange
103597,orange
48690,orange
108939,orange
93253,orange
99870,orange
117417,orange
79734,orange
56214,orange
50623,orange
40532,orange
78225,orange
58453,orange
58751,orange
57106,orange
48726,orange
106688,orange
107452,orange
1192,orange
57485,banana
50565,orange
114354,orange
115941,orange
116732,orange
36188,banana
98451,orange
59688,orange
26573,peach
119546,orange
62540,orange
120969,orange
107944,orange
58165,orange
113774,orange
61218,orange
114568,orange
110377,orange
54550,orange
106823,orange
107163,orange
60853,orange
15685,orange
116774,orange
30017,banana
73587,orange
62699,peach
117756,orange
38584,banana
44417,orange
108878,orange
19919,orange
25633,banana
63958,orange
55063,orange
82534,orange
107100,orange
14606,banana
113721,orange
117030,orange
115667,orange
9229,banana
109569,orange
18363,banana
12800,banana
98959,orange
110184,orange
10847,peach
49795,orange
71400,orange
71954,orange
84411,orange
117101,orange
50986,orange
123258,orange
58029,orange
84504,orange
63880,orange
53763,orange
81796,orange
81565,peach
117015,orange
120071,orange
1458,apple
52839,orange
118717,orange
25744,orange
108960,orange
48367,orange
97652,orange
113751,orange
12153,peach
116006,orange
95598,orange
58593,orange
112110,orange
110433,orange
119918,orange
121463,orange
121697,orange
50753,orange
104058,orange
109072,orange
80031,orange
10529,banana
76609,orange
48340,orange
48220,peach
82498,peach
22470,banana
2672,apple
61939,orange
43518,orange
62876,orange
108157,orange
39697,banana
32084,banana
79368,orange
114629,orange
59678,orange
56331,peach
105961,orange
36879,apple
50382,banana
82958,apple
83881,orange
83699,orange
119040,orange
61105,peach
75545,orange
95556,orange
66337,apple
65532,orange
71378,orange
67509,orange
104641,orange
33602,apple
26819,banana
53532,orange
75127,orange
92038,orange
52378,banana
71152,orange
71825,orange
46721,orange
61651,orange
53768,orange
68271,orange
27002,banana
116038,orange
98376,orange
52853,orange
49454,orange
120417,orange
72542,orange
88065,orange
118568,orange
59875,orange
100990,orange
114943,orange
122362,orange
78941,orange
105942,orange
58232,orange
65057,orange
80825,orange
87349,orange
121121,orange
108080,orange
50006,orange
79398,orange
103421,orange
78981,orange
40662,orange
73616,orange
119931,orange
88910,orange
88982,orange
64047,orange
103056,orange
57430,orange
49262,banana
109165,orange
65473,orange
51684,orange
56315,orange
116118,orange
20861,banana
115892,orange
58437,orange
69149,orange
19527,peach
109591,orange
120101,orange
74964,orange
60329,orange
95333,orange
95295,orange
63065,banana
108392,orange
76868,orange
83447,orange
77555,orange
76115,orange
117588,orange
121585,orange
89653,orange
90345,orange
91712,orange
77158,orange
70982,apple
68274,orange
83189,orange
101481,banana
58991,orange
50970,orange
118223,orange
122306,orange
108275,orange
104966,orange
80310,orange
120458,orange
80956,orange
14632,banana
56994,orange
107504,orange
108382,orange
68053,orange
72082,orange
73087,orange
56122,orange
63823,orange
115545,orange
101166,apple
108031,orange
49661,orange
71469,orange
117280,orange
62459,orange
76395,orange
53062,banana
58864,orange
58712,orange
86288,orange
72559,orange
118714,orange
102806,orange
54389,orange
16421,banana
36343,banana
101216,orange
54604,orange
35817,peach
49159,orange
25604,peach
121304,orange
121759,orange
80697,apple
75421,orange
56320,orange
116504,orange
116601,orange
62315,orange
114195,orange
116008,orange
104480,orange
43361,banana
83459,apple
53001,orange
120665,orange
103653,orange
59372,orange
65281,orange
56726,orange
52095,orange
71178,orange
56962,orange
66075,orange
104872,orange
104978,orange
97568,orange
32232,banana
74215,orange
96300,orange
104421,orange
18779,banana
82496,orange
70943,orange
59337,orange
49711,orange
108792,orange
108619,orange
117578,orange
116360,orange
64400,orange
109690,orange
51433,orange
67478,orange
86254,orange
105994,orange
50885,orange
77249,orange
87918,orange
59306,orange
53930,orange
122932,orange
78700,orange
117211,orange
83438,orange
61383,orange
118199,orange
122275,orange
96818,orange
21680,banana
120013,orange
89392,orange
57481,orange
68077,orange
107433,banana
115551,orange
106461,orange
79785,orange
50224,orange
83392,orange
51215,orange
97117,orange
58527,orange
66326,orange
65374,orange
92156,orange
53724,peach
57642,orange
99380,orange
52303,orange
122875,orange
48355,apple
40328,orange
117668,orange
72027,orange
114752,orange
116139,orange
122409,orange
76023,orange
105839,orange
72539,orange
91956,orange
17714,banana
58640,orange
98860,orange
118645,orange
107303,orange
18888,orange
107011,orange
60589,orange
56053,orange
51002,orange
64608,apple
48818,orange
82070,orange
13890,orange
24956,banana
56657,orange
117219,orange
115794,orange
49714,banana
55697,orange
120543,orange
89080,orange
82203,orange
56822,orange
108313,orange
44774,peach
44442,orange
71079,orange
100876,orange
61693,orange
109842,orange
113099,banana
119229,orange
56690,orange
86761,orange
72112,orange
114777,orange
114970,orange
61201,orange
66005,orange
96744,orange
56163,orange
109513,orange
58228,orange
119441,orange
42626,banana
122080,orange
58287,orange
57455,orange
107392,orange
117818,orange
55798,orange
62863,orange
47479,orange
119539,orange
72354,orange
121866,orange
67836,orange
49797,banana
115562,orange
77390,orange
122238,orange
120519,orange
121235,orange
91749,orange
122050,orange
59534,orange
49775,banana
79192,orange
60925,orange
116124,orange
105485,orange
61698,orange
81101,orange
118332,orange
108165,orange
59928,orange
115344,orange
47231,apple
72152,orange
116444,orange
16212,banana
51150,orange
107130,orange
105366,orange
116707,orange
6753,banana
98628,orange
76747,orange
84691,orange
108687,orange
107903,orange
43840,peach
115325,orange
118164,orange
118070,orange
76118,orange
116061,orange
59019,orange
98955,orange
64692,orange
67080,orange
90702,orange
73390,orange
63792,orange
46945,orange
65259,orange
74205,orange
99287,orange
107209,orange
52335,orange
70083,orange
58880,orange
47825,orange
47504,orange
119436,orange
82416,orange
73394,orange
102886,orange
108345,orange
56054,orange
92105,orange
79256,orange
116394,orange
77308,orange
105487,orange
44189,orange
53723,orange
54708,orange
70947,orange
118651,orange
108814,orange
64991,orange
54345,banana
114626,orange
85837,orange
107020,orange
61563,orange
63571,orange
67569,orange
59642,banana
59763,orange
108491,orange
32872,banana
43808,orange
78281,orange
75265,orange
80731,orange
74389,orange
84807,orange
83210,orange
99201,banana
117172,orange
105002,orange
67122,orange
93610,orange
93647,orange
31681,banana
53428,banana
109536,orange
38286,banana
57847,orange
64574,orange
110170,orange
118353,orange
118633,orange
122178,orange
57553,orange
114709,orange
70196,orange
122393,orange
115669,orange
49080,orange
72520,orange
119250,orange
38805,banana
63220,orange
65190,orange
109873,orange
115911,orange
98685,orange
116642,orange
121627,orange
54458,orange
82032,orange
48658,orange
73907,orange
68526,orange
117669,orange
71617,orange
71919,orange
97296,orange
62363,banana
118486,orange
108037,orange
107844,orange
63081,orange
117626,orange
122516,orange
60372,orange
116389,orange
117085,orange
105090,orange
58230,orange
49049,orange
118471,orange
118572,orange
83360,orange
58947,orange
82497,orange
121775,orange
51710,orange
105493,orange
95117,orange
119494,orange
104106,orange
79236,orange
65186,orange
87205,orange
49933,orange
79610,orange
93595,orange
89710,orange
108577,orange
105280,orange
121428,orange
72760,orange
73146,orange
103098,orange
73849,orange
108511,orange
50355,orange
96341,orange
96702,orange
52732,orange
110430,orange
72329,orange
88151,orange
103960,orange
122091,orange
122694,orange
116558,orange
120636,orange
118587,orange
54546,orange
108759,orange
108423,orange
108519,orange
87641,orange
115312,orange
77612,orange
98890,orange
108563,orange
66488,orange
59132,orange
70864,orange
82156,orange
82167,orange
73919,orange
108171,orange
107469,orange
86307,orange
76158,orange
49128,orange
66542,orange
121778,orange
95221,orange
107193,orange
107240,orange
84782,orange
106758,orange
117781,orange
85251,orange
117014,orange
12112,banana
118556,orange
101402,orange
104248,orange
69122,orange
122760,orange
51981,orange
115316,orange
86775,orange
123306,orange
103616,orange
121570,orange
80473,orange
72733,orange
59276,orange
54120,orange
87195,orange
77284,orange
116071,orange
64083,banana
92279,orange
121096,orange
118675,orange
47066,orange
54526,orange
29586,orange
59515,orange
49783,orange
55644,orange
70944,orange
121935,orange
116522,orange
114400,orange
114117,orange
109511,orange
109660,orange
58387,orange
58804,orange
49505,orange
43478,orange
86595,orange
115650,orange
58715,orange
119145,orange
81668,orange
104087,orange
108554,orange
109310,orange
55753,orange
61109,orange
115589,orange
97382,orange
114382,orange
95550,orange
109186,orange
67962,orange
97979,orange
119849,orange
50910,orange
79780,orange
105739,orange
115242,orange
116502,orange
30027,orange
52980,orange
80353,orange
120639,orange
64854,orange
119526,orange
72871,orange
63980,orange
67378,orange
50042,orange
114076,orange
76457,orange
64078,orange
10192,orange
118981,orange
80750,orange
62921,orange
98331,orange
120249,orange
66975,orange
49340,orange
104079,orange
77785,orange
99720,orange
60274,orange
56461,orange
40720,orange
109123,orange
117794,orange
116607,orange
76276,orange
55732,orange
109446,orange
38475,banana
84004,orange
55293,orange
,orange
32298,banana
81146,orange
78540,banana
51551,banana
71311,orange
64547,orange
119365,orange
79918,orange
54513,apple
102867,orange
54200,apple
63270,orange
104317,orange
122783,orange
115437,orange
113384,banana
79187,orange
109141,orange
44429,orange
55840,banana
52027,orange
73035,orange
102278,orange
27377,apple
13301,banana
45508,banana
45704,banana
60378,orange
119609,orange
92176,orange
54596,orange
20186,banana
6731,orange
58097,orange
115777,orange
52850,orange
120854,orange
73644,orange
8082,apple
12472,banana
11580,banana
92864,orange
58548,orange
82058,orange
113713,banana
21985,apple
57185,orange
109018,orange
41499,banana
83383,orange
101476,orange
18106,banana
109178,orange
58695,orange
72153,orange
24085,orange
52186,peach
116070,orange
76408,orange
40626,banana
10880,orange
10033,peach
63686,orange
118727,orange
74821,orange
66972,orange
64763,peach
93669,orange
62359,banana
82128,orange
11343,banana
52602,banana
57230,orange
79788,apple
98122,orange
117460,orange
51929,orange
26394,peach
59382,orange
52021,orange
14441,banana
83997,apple
24806,orange
78962,banana
58668,orange
49111,orange
9778,banana
120466,orange
42411,banana
61725,banana
121239,orange
41065,banana
13167,banana
82785,orange
26667,banana
56791,orange
56862,orange
56661,orange
59960,banana
101259,orange
94557,orange
117544,orange
28150,apple
24984,banana
76971,orange
77361,orange
62520,orange
82605,orange
48683,peach
119182,orange
34866,banana
96809,orange
54906,orange
95412,orange
63132,orange
38541,banana
115330,orange
104928,orange
116602,orange
116234,orange
78508,orange
40193,banana
53690,orange
63415,orange
76173,apple
53535,orange
27321,banana
83854,banana
78133,orange
72771,orange
93924,orange
82160,orange
53611,banana
57248,orange
44824,orange
47972,banana
117366,orange
105670,orange
96561,orange
51066,orange
47117,banana
16860,banana
60886,peach
97029,orange
63865,orange
11658,orange
96193,banana
70997,orange
73928,orange
59669,orange
56993,orange
56923,orange
59812,orange
117486,orange
19061,banana
23163,banana
76547,orange
96657,orange
53898,banana
96768,orange
50865,orange
25053,banana
119897,orange
61653,banana
65283,banana
73835,banana
9839,peach
106641,orange
20354,banana
117536,orange
95056,orange
85786,orange
101633,orange
114146,orange
100455,orange
52684,orange
94812,orange
31612,orange
41909,peach
80501,orange
70935,orange
58613,orange
62192,banana
73909,orange
61263,banana
117875,orange
60847,orange
50782,orange
51096,orange
117077,orange
50013,banana
25064,orange
56056,orange
39882,banana
56868,orange
36247,banana
57115,orange
55013,orange
119160,orange
50807,orange
64353,banana
108862,orange
63127,orange
60422,orange
108671,orange
205,apple
19436,banana
26180,banana
99003,orange
118584,orange
81642,orange
108466,orange
99426,orange
65161,orange
68100,orange
115534,orange
122488,orange
60890,orange
117695,orange
76554,orange
85226,orange
119255,orange
44821,banana
63712,orange
110463,orange
121503,orange
118369,orange
54929,orange
103024,orange
103197,orange
57469,orange
56914,orange
65201,orange
85597,orange
79467,orange
106935,orange
86088,orange
105843,orange
64822,apple
97450,orange
77631,apple
53313,orange
87548,orange
52705,orange
120668,orange
50940,orange
51939,orange
119726,orange
75145,orange
118671,orange
67385,orange
69190,apple
89523,orange
106462,orange
62137,orange
79738,orange
22183,orange
79650,orange
104016,orange
60658,orange
100345,orange
98136,orange
8523,peach
50222,peach
59012,orange
21813,peach
73743,apple
43401,orange
121473,orange
81736,orange
67105,orange
55395,banana
96383,orange
56620,orange
60399,orange
85119,orange
86277,orange
34451,banana
114172,orange
43566,banana
80166,orange
119608,orange
72512,orange
72591,orange
34930,banana
41935,apple
102581,orange
48728,banana
107004,orange
105853,orange
94926,peach
118014,orange
70130,orange
81333,orange
44314,apple
119659,orange
57173,orange
54219,banana
97222,orange
64394,orange
62041,orange
120047,orange
10986,banana
80826,banana
15430,banana
72788,orange
46809,banana
105467,apple
3636,banana
106571,orange
60153,banana
14036,banana
94341,orange
62817,orange
116077,orange
4736,orange
68205,orange
40775,banana
95008,orange
47598,orange
29939,banana
23564,peach
99153,orange
108217,orange
51905,orange
55468,orange
109194,orange
69008,orange
109767,orange
106919,orange
62285,orange
57437,orange
70284,banana
83898,apple
17890,banana
98629,orange
66296,banana
110304,orange
118361,orange
92157,orange
72673,orange
59008,orange
88794,orange
109053,orange
84645,orange
48606,orange
8296,banana
52467,orange
62322,orange
4193,apple
97067,orange
50150,peach
58058,orange
58010,orange
115842,orange
64374,orange
48782,orange
72388,orange
108176,orange
65126,apple
77299,orange
70280,orange
81452,apple
95884,orange
58753,orange
31776,banana
76262,orange
85674,apple
108720,orange
118751,orange
50827,orange
56647,orange
87374,orange
60939,orange
789,orange
31577,banana
51511,orange
71708,orange
35898,banana
43705,orange
25691,banana
52873,orange
9531,banana
86377,orange
120218,orange
119907,orange
118303,orange
119383,orange
70878,orange
65222,orange
83073,orange
50485,orange
23987,banana
62955,orange
44515,orange
116377,orange
45919,orange
60564,orange
61908,orange
58503,orange
49601,orange
45304,orange
49765,banana
8979,banana
27478,banana
80547,orange
92302,orange
121798,orange
118558,orange
108713,orange
107937,orange
109159,orange
85445,orange
85744,orange
116260,orange
76378,orange
58406,orange
49070,orange
63903,apple
94564,orange
45504,orange
18324,banana
67326,orange
40941,banana
51780,orange
115250,orange
6848,peach
110075,orange
54227,orange
69031,orange
76548,orange
71646,orange
109538,orange
39053,banana
120869,orange
120756,orange
47120,banana
118288,orange
93712,orange
90556,orange
29684,peach
77863,orange
52276,orange
107532,orange
54552,orange
79562,orange
80640,banana
11549,banana
117082,orange
75999,orange
66535,orange
25799,apple
119170,apple
82483,orange
31324,banana
103412,orange
56407,orange
96633,apple
98524,orange
75921,apple
66098,orange
104801,orange
50356,orange
115676,orange
55309,orange
61534,banana
116812,orange
49353,apple
64356,orange
54334,apple
119855,orange
74685,orange
101014,apple
59726,orange
18609,banana
52443,orange
48406,orange
56424,orange
71144,orange
76925,orange
61297,banana
104826,orange
50297,orange
22866,orange
58435,orange
12136,banana
81115,orange
120273,orange
74692,orange
37590,banana
103519,orange
121202,orange
89731,orange
67612,orange
84561,orange
46375,orange
96390,orange
34159,banana
55181,orange
65836,orange
58315,orange
84108,orange
21190,banana
57454,banana
120385,orange
104256,orange
121495,orange
92632,orange
118985,orange
118527,orange
121941,orange
12846,banana
102201,banana
114710,orange
85912,orange
44517,banana
64612,orange
50938,orange
120226,orange
115564,orange
23487,banana
28719,peach
66929,orange
80828,orange
70856,orange
84959,peach
114332,orange
34913,banana
84370,orange
12752,banana
57999,banana
115169,orange
64583,orange
32633,banana
44104,banana
72419,orange
103920,apple
95509,banana
118741,orange
82002,orange
99999,orange
56486,orange
43909,banana
115017,orange
116991,orange
53334,orange
94800,orange
63677,orange
9264,banana
49686,orange
121860,orange
121707,orange
109074,orange
54038,orange
117805,orange
51498,orange
115611,orange
119322,orange
119429,orange
79702,orange
59290,orange
56936,banana
115434,orange
80003,orange
75602,orange
72568,banana
76583,orange
40273,apple
33785,banana
53299,orange
23220,banana
64118,orange
98914,orange
75273,orange
118712,orange
74233,orange
60491,banana
56302,banana
99797,orange
66248,orange
54327,banana
66670,apple
19548,orange
43562,banana
74304,orange
107112,apple
41988,orange
83428,orange
114489,orange
47926,orange
97210,orange
96608,orange
62874,orange
115827,orange
19383,banana
52857,orange
119285,orange
11059,orange
72649,orange
67461,orange
118588,orange
118684,orange
99354,orange
100396,orange
63195,orange
56016,orange
117851,orange
110337,orange
107063,orange
62584,orange
5,apple
49053,orange
81240,orange
119766,orange
61830,banana
55286,banana
29284,banana
78080,orange
77991,orange
52340,orange
41277,peach
99941,orange
117081,orange
109467,orange
57908,orange
89679,orange
89965,orange
73806,orange
108350,orange
86357,orange
71389,orange
100558,orange
76633,orange
80087,orange
105160,orange
5750,banana
63458,orange
44490,orange
34972,banana
75524,orange
109846,orange
83730,orange
77359,peach
93008,orange
104148,orange
60027,banana
72879,orange
2725,peach
42648,banana
109213,orange
78881,orange
83616,orange
103516,orange
30491,peach
59492,orange
74265,orange
60363,banana
50503,orange
72093,orange
85834,orange
115000,orange
97676,orange
109746,orange
117246,orange
120817,orange
62201,orange
49859,orange
53352,apple
18554,banana
88209,orange
121608,orange
67277,orange
50465,orange
61135,orange
118046,orange
114244,banana
35969,banana
118482,orange
93672,orange
58856,orange
90906,orange
118535,orange
118790,orange
59906,orange
105193,orange
50882,orange
75251,orange
85916,apple
122058,orange
66166,orange
107168,orange
72045,orange
61595,orange
118050,orange
5884,banana
84303,orange
48788,orange
119948,orange
43393,orange
78014,orange
61296,banana
58305,orange
83261,orange
109597,orange
50235,orange
60572,orange
84093,orange
64685,banana
118424,orange
57227,apple
104092,orange
46318,orange
115392,orange
122557,orange
31855,banana
109783,orange
58983,apple
28897,banana
70080,orange
65298,orange
103061,orange
108847,orange
74627,orange
87425,orange
108241,orange
117187,orange
58770,orange
84371,orange
40266,orange
110189,orange
121492,orange
121153,orange
90618,orange
67586,orange
106189,orange
114358,orange
109421,orange
109481,orange
101584,banana
118309,orange
95203,orange
60984,orange
71105,orange
91318,orange
116329,orange
76020,orange
58459,orange
120918,orange
48972,orange
70393,orange
83712,orange
72509,orange
108529,orange
84010,orange
116189,orange
117264,orange
117267,orange
118117,orange
53769,orange
301,peach
66943,banana
118349,orange
59103,banana
119415,orange
118736,orange
48298,orange
87189,orange
109162,orange
102815,orange
79431,orange
105676,orange
39746,orange
77095,orange
115762,orange
45222,orange
64573,orange
109012,orange
57405,orange
117070,orange
105098,orange
116706,orange
63851,orange
5075,banana
70561,orange
91082,orange
105732,orange
59982,orange
117684,orange
51302,orange
123257,orange
118193,orange
79531,orange
50500,orange
107437,banana
101059,orange
67272,apple
106397,orange
50051,orange
117902,orange
117066,orange
116741,orange
36914,peach
89760,orange
57006,orange
107589,orange
99899,orange
51044,orange
117286,orange
57040,orange
76367,orange
121012,orange
67428,apple
42498,banana
59440,orange
107692,orange
85033,orange
100664,orange
117771,orange
50426,orange
55776,orange
51020,orange
64282,orange
102240,orange
61455,orange
49054,orange
119290,orange
5939,orange
57071,orange
107153,orange
108335,orange
50210,orange
104609,orange
95673,orange
56736,orange
118912,orange
54168,orange
57697,orange
108026,orange
56411,orange
115445,orange
78521,orange
79012,orange
105793,orange
73677,orange
62355,apple
55746,orange
82244,orange
102960,orange
59589,orange
61388,orange
55533,orange
71835,orange
116132,orange
104563,orange
97013,orange
83760,orange
121810,orange
29707,banana
39222,banana
106602,orange
104783,orange
32566,banana
119427,orange
121830,orange
118806,orange
1229,orange
50253,orange
116760,orange
116902,orange
92407,orange
37345,banana
116332,orange
105509,orange
79042,orange
56108,orange
83989,orange
90379,orange
102986,orange
108056,orange
56495,orange
108150,orange
122322,orange
117290,orange
106941,orange
104800,orange
38734,banana
58817,orange
47421,orange
121333,orange
108240,orange
50331,orange
80134,orange
89671,orange
102924,orange
108654,orange
115473,orange
53793,orange
59940,banana
47149,peach
110466,orange
120473,orange
94422,orange
108024,orange
117624,orange
71574,orange
61291,orange
122211,orange
10615,orange
97896,orange
97521,orange
63886,orange
110035,orange
118580,orange
72449,orange
71016,orange
26299,orange
48544,orange
116146,orange
77285,orange
10085,banana
105852,orange
24929,orange
120465,orange
90624,orange
59653,orange
117374,orange
71910,orange
109426,orange
114096,orange
95589,orange
67328,orange
29532,banana
100109,orange
31438,orange
58531,orange
75989,orange
58051,orange
39388,banana
120561,orange
72411,orange
15888,banana
121115,orange
119398,orange
76994,orange
76729,orange
61114,orange
116721,orange
83948,orange
60610,orange
94605,orange
92277,orange
75461,orange
121921,orange
109025,orange
106151,orange
107592,orange
114741,orange
106989,orange
61464,orange
117899,orange
105601,orange
49963,orange
63041,orange
118036,orange
78481,orange
53290,orange
98271,orange
121255,orange
50806,orange
103217,orange
57666,orange
117432,orange
60417,orange
116445,orange
123000,orange
118029,orange
118175,orange
118216,orange
122377,orange
105859,orange
58521,orange
74518,orange
72326,orange
59313,orange
103504,orange
48762,orange
115975,orange
117226,orange
117269,orange
46627,orange
123050,orange
116948,orange
118893,orange
73135,orange
107419,orange
56901,orange
87200,orange
102718,orange
116803,orange
62565,orange
91726,orange
122092,orange
85739,orange
117918,orange
113901,orange
74721,orange
117012,orange
47894,orange
55958,orange
57010,orange
104278,orange
83123,orange
58402,orange
121839,orange
109320,orange
60895,orange
116637,orange
58078,orange
24673,banana
58374,orange
53499,orange
71934,orange
35099,banana
52771,orange
120494,orange
47423,banana
41235,banana
50757,banana
81700,orange
73296,banana
55606,banana
104109,orange
108843,orange
57739,orange
62064,orange
71897,orange
116459,orange
77112,orange
113815,orange
50715,banana
13241,orange
114547,orange
79009,orange
96675,orange
56553,peach
84439,orange
25845,banana
52119,orange
46738,banana
58338,orange